,f1,f2,f3,f4,f5,f6,f7,f8,f9,f10,y
0,-1.5715768736609548,-1.4700101492631086,0.43526747123439724,1.418019030256057,-0.8618120254405645,0.36221070795813715,1.2884293405823726,0.7661771611780438,-1.8586087287427828,-0.16990703741694976,-15.961232556812481
1,0.5893872021491362,1.3896712511668052,1.093053369783552,1.0563869616618347,-0.19514727125051495,-1.0610007131978667,-0.435579157831892,-1.3983766859388453,-0.09367906275867632,0.2918637379781542,10.64671954768987
2,1.0078821611493827,0.6111128374871805,1.266938389656664,0.2655608672841304,0.2458251604384556,-1.4307730853730083,-0.27697845753818956,-0.7972794961476423,2.1933995671091346,1.4104557192658704,43.82313449228376
3,0.035006278029487525,0.06950364199398146,1.4328528775623453,1.0438603002806723,-0.3078168529193327,1.6691261045504033,0.9702423956353332,-1.2747976824006426,0.42422138496679584,-1.1380661289022065,12.617781653124917
4,-0.05769263518394864,-0.24171534869683794,0.9328132299727893,2.657547323791742,-2.284333810778822,-0.13093253436849925,-0.28822929325808494,-0.1595459373491942,0.7619103878871812,-1.1694183482366307,-7.745874868847242
5,-0.16403148851623442,-0.32196772176822674,-1.3738869058260403,-1.3405570784813228,0.8800853607686384,0.6421473777546867,0.24814120270330092,1.7504365270940636,-0.6968230229667846,-0.3369478284905076,2.8795593344877872
6,0.030850529403810754,-0.7024863261399609,1.2209827290555604,-0.1378710319228927,1.2806725778660184,-0.26406357312728806,-1.3421456822831181,0.12141294395720943,-0.21746271294036418,-2.8312451712615645,-26.524706288598683
7,-1.3826750901379345,-1.0094837054845842,-0.9080539304001004,-1.773035383297834,1.030682389377207,-2.1993060240286626,-0.1371350189145701,-0.10349140134325188,-0.08997799317208839,-0.337122064018284,-7.875301155929423
8,-1.0108611849639835,-0.8298662149645677,1.9445614000876388,3.145793262198556,-2.564432971805219,1.5915113381840988,-2.3459454094601147,0.5399445545445564,1.7130717337084038,-0.6809067281866185,-0.6923575751007941
9,-1.050433344523767,-1.7735194874515814,0.4046612379179233,1.9214845115198484,-2.1709566193625465,-0.40676877871891876,-1.2391147183646551,-0.1098384140722305,-2.03278498643152,0.11583268483742883,-39.04248806151691
10,0.1868479291466079,0.8192381139465397,-1.3999621243104645,-1.6130634315437369,1.4427644928320678,0.38222546940064206,-0.8674947701279285,0.1488525577469075,-0.0585250221846895,1.046967759502358,4.58817016278773
11,-0.009899313833173957,1.0550037272487125,0.07451237060005339,0.4370860422159644,0.0671913048768838,0.7198392268536569,0.012026040747234311,0.5257921249205896,1.0765194235046702,0.2067375130721232,25.183556556353622
12,-1.105602825794587,-0.9887082449924586,2.202820831619134,1.675924423552958,-1.4541116536013097,0.4412715495328006,1.0241016631156343,0.19384849796067888,0.6823405289824632,-0.04265791922358146,14.279891183460865
13,-0.058009533876647916,0.168832363061237,-0.04288227937062064,-0.4410330215498974,0.44522032880914625,0.3471596108414489,0.8592921916408588,1.3468749673487248,0.5363027821102938,0.3552160390827531,21.262304068321146
14,-0.03176375695688001,0.29152716078767976,1.5512102972162192,0.18291863694415855,1.8083091630133112,1.2453947136267314,-1.0226986585380922,0.43708019128899067,0.21263662643940395,0.22274453997198873,19.354447397754242
15,-0.5699543751596023,-1.0996976919819184,3.085053667397307,3.1228943850401016,-1.3381016256973,0.5819401906534262,-0.5292098577988383,1.2324228285394816,0.30003032480213293,-1.2319570145699812,8.950682106194254
16,-0.5290936794479033,-0.8113916414886049,0.2640958655896376,1.199779778517036,-0.43347411330902125,0.7800295391689398,0.27821096204503354,0.8698664862902035,-1.5887297757386654,-0.45750159993958117,-10.079342398043307
17,1.1810936268186054,1.4525168475452286,-1.3388643548802566,-1.5884882954430772,1.9412400956062008,-0.20748080111952882,0.7236240523852397,-0.3319245131690114,0.8676128383629981,1.579768841153895,36.22375284519233
18,0.6359552558818499,0.5286338197067034,-0.21545151333764384,-0.6718692913207023,1.308155645430542,0.8884887166620251,-1.6225640808276247,0.25327150993649616,-0.8933853422724684,0.045748629696842145,2.5707473633584197
19,0.5335868272225264,-0.45626281508106864,-0.7219892339479217,-1.7408543108850723,1.3091326988967857,-0.4720580061988426,0.10552336632792125,-0.06173066701899109,1.375424663493842,0.6699946634109029,12.348843872551996
20,0.20940661339331446,0.05699102016451617,0.07767932218336852,0.873216933094853,-1.447264503832282,1.260745721039581,-0.5601616977058035,-1.279478976501689,-0.272584683424552,0.4248503334205491,-13.26499673057925
21,0.7439581532071039,0.42260727637528556,0.6047122659465841,-0.4093655121690681,1.1794725149998513,-0.6339211076219967,-0.8404635242122387,-0.8468535162299178,-1.8034950991530696,-1.763906717416322,-18.9444324282331
22,-1.7360558185678596,-2.6552228967819134,-2.5151603514759997,-1.059549746763725,-1.5120035977257082,-0.6091195713634339,-0.05348553139205298,-0.6455967697268007,0.34202375841803917,0.15874094385387755,-48.00165508644584
23,-0.013404101539958524,0.1962284511412839,-1.7640759781876711,-0.9671100589049987,-0.47408442958274544,1.2162353342351897,1.2203099423949806,1.185307973180861,-0.4235579524851813,-0.014428700412111709,7.545269549563349
24,-0.6315903995269622,-0.5799964927828444,-1.5318484723759813,-1.5215629987926196,0.6968822404723694,-0.5219441480740621,0.09679126934049924,-0.24745749419131097,0.5817518278212886,0.20702744069734907,-11.413327343521864
25,-1.653681740155209,-1.4017433666383357,0.1509745319143643,0.7814570939380063,-1.1478145958408785,-0.8646115850179584,0.9866906651416946,-1.9537534804976366,-0.5836802974786238,-2.0404890333619545,-25.53171579494446
26,-2.129841452958155,-1.0925063365566998,0.06554733825438437,-0.535375613431077,0.583074126772674,-0.17881567695888514,-0.3867662589847935,-0.15698673081919803,-1.105573090124228,-0.5324426422734512,-25.98982932920876
27,-0.4439784547310883,0.2969539273018269,-0.5606978168373484,-0.4478508322692955,0.3245078848652743,-0.05112390263489513,-1.5022808619741772,1.3421065624275155,-0.11664345615149167,-1.0577906838845397,-6.6977571005379195
28,2.2612952217946627,2.159538216184495,0.8786505438016755,1.3107622017012728,-1.8282188104269204,0.5249692573262488,1.0032822422503624,0.41223039938763023,0.1644627156684114,-1.282918436089626,39.61995219129138
29,-1.4186411447643195,-1.1097082691256712,1.2074321740556613,1.733923358709841,-1.7729888603324764,-1.056490485067772,0.56228322975673,-0.48110746861942505,2.4641425762656803,0.1275112528583309,18.901017564944016
30,-0.18230237269037916,-0.8525195600130633,-0.7890355476747682,0.6749915976838129,-1.535856751587437,-0.9629154006577019,0.222342206590547,1.6518853787675256,-1.2361099432133082,0.8435487610829925,-7.778193988737497
31,1.3380808346364788,1.7592084748997645,0.05395551451133722,0.255887809606213,0.29691615555160755,-1.1692011936128717,-0.6511954918857504,0.08272263612600524,1.14988757124401,0.6218911280892228,28.24028754972054
32,0.22871052716766452,-0.016456635457386376,-1.0266889443666276,-2.2147913908166057,2.2423091607572445,-0.052387210509025915,0.21595504445669242,-0.17601482002401148,-0.1598056077880773,-0.7665412874039421,-14.051916568000227
33,1.620722867132659,1.7346749952244822,0.3605867199045359,1.3232870286246134,-1.4998295868589508,0.10653935920199473,0.4392002174300218,0.7056791083736278,-0.2461316021758895,-0.15143547358144907,25.03516800491069
34,-0.9652812310074257,-0.07201925579620137,-1.0918093978059562,-2.5034949320506548,2.3305463192388047,-1.8864332222289395,-0.16104198669899533,1.9032390809886957,0.6287762383360845,-0.5009547124447126,10.633009410480444
35,0.4989717678370947,0.8792071700416425,0.5886961299135895,0.26455299496308965,1.3123205266747964,0.8870504915717523,-0.8935158509747518,1.0044894160726754,-0.6733501650193443,-0.3996841715598627,17.81451186420738
36,-0.5838743045620407,-0.09131794415962481,-1.5497347460575344,-1.4401831746571243,0.29910598661259574,-0.5649565988546039,-0.6483919457884132,0.43916240178080884,-0.6867309422560732,0.4687907962082638,-13.56230428093384
37,-0.9339979611090483,-1.874377567961975,-0.22118162239761988,-0.729969250103675,0.4339440411965202,-0.33331862952472885,-0.5982458217022558,-0.10030453935970575,-0.24779762843668485,2.0775601325938218,-4.670602780446641
38,-0.13604341802312375,-0.5838133073847944,-1.1074341582700198,-0.2746215170425418,-0.7520425275196372,-0.35226234488793273,1.40708610296904,-0.007216876159663767,-0.4802372569295423,-0.2570582855060498,-11.72920903683762
39,-0.3442095328042636,-0.46133228835395124,1.7413759012284378,2.493262110978115,-0.8814384664556149,-0.20216427019790376,-1.5641465624949982,0.4173918830479452,-0.1195805858601256,0.6798930918124636,6.433618434531084
40,-0.14237725941190188,-0.4722536487818256,-0.4719852582652523,-1.1581813691618108,0.9526680171845044,0.13291533564796737,1.8470873970649175,-1.822169739237986,-1.3687212638174377,-0.2607716270938638,-15.01100814272214
41,1.4486331777154096,0.36185703704647815,1.5367718558863985,0.003329338232068876,0.3695345883972244,-0.4986844234604156,-2.2275081778620476,0.7701831110374701,0.622962018630641,0.4007876017345579,9.363186284302309
42,-1.0841428415998418,-1.1976119459334842,0.6566871676258489,1.8877033025402443,-2.4186876456113158,-1.3073535785993848,1.0768876978234558,-0.27190584338451207,0.09564090385030741,0.7793895215414134,0.7280978628420651
43,-1.1564050471571308,-1.1292029982850094,2.1308689190709464,0.36323215364212763,0.7246021322555741,0.07196418387677109,-0.9084776760700443,0.4402148668956825,-1.3495869991530514,-0.5621008977689367,-23.813877838663906
44,-0.14131986106953998,0.377273607597391,-1.2449595200866836,-1.4062296762132471,0.2772660830043355,-0.763827253809926,-0.5998864124680454,0.24913792386159286,-0.7086417019853324,-0.1613665057175632,-14.387154176542396
45,0.23338841685021317,1.3186802870788832,0.12393628660856501,-1.0561902891311175,1.149774818773795,0.8700843660205303,-1.4473175250828638,1.359833277237171,-0.13054045177460824,-0.19723683376711074,18.580899719527807
46,-1.2013164138419858,-1.144067816743965,1.049733983835973,1.7991596212315046,-1.3074404482061057,0.1688796889884433,0.2921410555329068,-0.2964189753082972,0.12680079201371638,0.3512315339285841,-3.0964162940146207
47,0.30582040979097247,-0.737521413570522,1.9056904759896562,-0.6363497162651078,2.2665276040116495,0.3390586200729585,-1.0601379421521224,-1.6092942881819483,0.9036169243744044,-0.5484271022013556,2.8375860084534246
48,-0.6653855276096904,0.3095946567594406,0.7953896667513957,0.70537328925561,0.5926222159271313,-0.12836197590662918,0.8087026096987491,-0.8229755528989254,-1.4384009616420208,2.281632589772738,25.170747280997674
49,1.2508184825987603,1.5005534121071884,0.6301500500835922,1.1016907737815342,-0.9474086443029562,0.4554333362420211,-1.1188367709166638,-1.3750473486126493,0.6601922896229069,0.7130055070163038,21.352130117906064
50,0.8662829905150736,0.7852506998327414,0.36626274207607246,0.5800861887876966,-1.5775760233271383,2.9667116772995654,1.4136024468312187,1.1627814802800494,1.5936226146799393,1.2206905397875885,42.79280768063913
51,-0.8880464997288409,0.048698719453306484,0.0973383594664152,-0.7564902972752557,0.24042361121044953,-0.6331359869066306,0.31311554215956255,-0.012818923079423077,-0.7779460901464089,-1.1091886595533207,-14.107321433219433
52,0.5820897312801047,0.315557805997873,-0.050463528882059155,-0.4240223925069578,0.6674870879414376,0.8704556899475749,0.07120751416304051,0.9209748594902469,-0.7831156675522192,1.1390500367562255,18.49667011012373
53,-0.3381845431958163,-0.5270619423272414,1.8854288276718465,1.7959183105954954,-1.0739484786359659,-0.9349980017344753,1.2361234731477333,0.17901072845258809,-1.5126378164839946,0.49284434151741113,9.688452107343238
54,0.889691773358101,1.8169793662177707,-0.47613617932124863,-0.12369607520510477,-0.12634396114013874,-0.5567466368584898,-0.6372106179226844,0.7215454413780771,1.3061500592304693,1.2145095413877516,34.209101618150285
55,-0.3050110224558418,1.2213207363288148,-1.4218228801148283,-0.7073008728665677,-1.2152970283477509,-0.48010088014033164,-2.670338012723208,0.30733917514051545,0.6373632719965008,-0.7448718711532126,-11.5137730547021
56,0.9841431516093597,0.10863145820568514,0.8763299194810886,0.36859958217314764,0.4783249276576462,0.49369977691370015,-0.3862830866535215,3.1236672377966164,-1.3817964894743537,-1.474112393357854,9.235800959680283
57,-0.3213272426087042,-0.23330505768056314,-1.3549878399348132,-1.8168642529618386,0.9910545608543694,-0.4154730952028715,0.31069034430778164,-0.0013051705813267305,0.3806250574554083,-0.26278659345316324,0.5746910005244561
58,-0.2869681867298526,0.32752332353838975,0.6274793076116748,1.3433145720799367,-0.729417998207863,-0.4772136980080785,0.3203512350744939,1.8480971922341518,0.8068172142014856,-0.12166909871008498,33.8592261174042
59,-0.37504932195662627,0.39406605147363233,-0.8872735740044461,-1.1780614667272264,0.5743718443196305,0.7518753243993728,-0.7084885244125325,0.26852653923560865,-0.3512840425724237,-2.1752611114215346,-12.619022629226187
60,1.59760170858018,1.2708516474499012,-1.5516237450255284,-0.6068318269797321,-0.49053115238868966,-0.15984819774953407,-0.37539844113478915,-1.0242924348286344,-0.24246383886610862,3.1262247206568916,10.344217738432155
61,0.15217381399630867,1.1906209646441541,-1.544981356918823,-1.1723707776923158,0.7796566732744119,1.2845454970866208,0.3767086119894372,-0.28596762131779824,-0.36730435857557586,-1.5902753475405667,-8.196234504927407
62,-0.657416508694995,0.08291690918294471,2.7032074478005104,1.68963017588374,0.19858997027154018,-0.8172352202522678,-0.3865191460971291,-0.7273352874047249,1.4723983827201004,-1.8465270872487436,19.87491571910215
63,-0.0519980311424669,0.5959308432936362,1.3822859740376991,0.8639206016815676,0.516566121200715,0.5148137388229456,0.05130672429714002,2.079821173241493,0.8251756368071693,-0.03932220404455499,41.50625071219758
64,-1.041024078199454,0.09701993822009679,1.9495945780820545,2.7819044404661852,-1.4147519799484412,-0.2982773800050249,0.20779841479312894,0.6829688090385929,0.7412227029524344,-0.9864347599750752,16.951693517610995
65,0.20960078065198134,0.9254658490611994,-2.283272285846236,-3.16685074150218,1.3716689659142096,0.3196524666664694,0.6414849907972184,0.5761787759429513,0.2049678972201401,0.6682650582400038,13.541882392848937
66,-0.13471399641983886,-0.26986491950524627,-0.22610132042014744,0.37700370937638855,-0.872615002243685,0.04070581071404152,1.740820636601823,0.9478968827162507,-1.157942361206197,-0.819296336818241,10.932146838704995
67,0.9820101678245363,1.2890102476419605,1.6760310393630098,1.7489344871326613,-0.775258987349705,-1.8387177210702361,-0.22404222391938375,0.05073332533818496,0.09635964807955727,0.9113465530040216,26.8370991787582
68,0.7175409602490904,-0.09170661994018207,0.5516616822697012,2.0488799371016575,-2.0905282312654987,0.5197971209947991,1.3946899162747077,-0.5318953500053339,-0.27405782321598565,0.2699040698931613,10.412007454725437
69,1.6561649285751256,1.0229428977226895,-0.7308501021694355,0.19137030087200216,-1.3955963708119188,0.27983472368059176,0.4662078257441909,0.36279765009929593,0.1702996691079504,0.5181386338097174,11.490378676738217
70,0.7139383871414371,0.7438804379954302,2.1700565383990433,2.6735344728853487,-2.2341761511679166,1.2442740308488807,0.6344257196734665,0.46197098285112237,0.7534700450155258,-0.9457581934194691,26.098187589873874
71,-0.8933879759352066,-0.1630360723944993,-2.14217858676073,-3.3002228670669522,2.029576497145162,0.9156581218100552,0.18961548232254677,0.4875379779202265,0.8058580647901991,0.3489532430869665,14.123691393552335
72,1.3617160802574142,1.505297068268464,-0.3496954973414205,-1.1568111716579998,0.077631281729448,-1.1465508485343532,-0.4838539056999526,-1.2500336938153338,-1.6730216104939157,-2.5745595602468265,-29.015574101994602
73,-1.3625617964757746,-1.0789359612554459,-0.9582236352166563,-1.3132566294075194,0.5035294918415376,-1.0328903506208416,0.4436406839956383,-0.43422959708827,0.39880430372489867,-1.245135992684991,-24.827686463356873
74,-0.15379305140402127,-0.051924601156600136,0.11195819959399453,2.8233420035276198,-3.57551904345664,0.34587171916848125,-0.3731071273886863,-0.570499735158502,-0.3856451380797291,-0.8476090984951911,-26.827121281128434
75,-1.1857405655580855,-1.8240388356996025,-1.9972896845318935,-1.7647097862771122,0.32394500656495107,-0.037521847861982816,-0.370562225962857,-1.0287774327216637,0.16782762992883735,0.13420134337893366,-40.55021379601597
76,-1.3765346397500522,-1.0279473975357976,-1.3117612212947884,-1.0312251723805606,1.9091687852428685,0.19670678180590934,1.3734510687536063,1.67380122901653,1.5617603598187717,-1.4029309733309885,16.86257506044862
77,-0.14449047944342236,0.22888895188942354,2.539968974484485,2.8864671904221284,-0.759387399906234,0.39602521687514036,0.16766385658576688,-0.3060905164899429,0.20356817358319754,-1.558835446537102,12.555736441736775
78,0.2928558559998943,-0.6144864943944626,1.5963546879024049,-0.07345173461998755,1.2357602101811316,1.573123972064775,0.2172469658337852,1.0555293122075917,0.7384110060985764,0.14982948696573983,17.892701409984575
79,0.8335588429122092,1.0703601387518988,-1.0650543520190727,-1.0949385504877849,0.5957178405476821,0.2411716676427377,0.7274756994246567,-0.7227562239954429,-1.7038826573479842,0.01870890659702012,-1.3836059634443654
80,-1.3236530225757603,-1.5895052180261178,1.8040582494804498,1.8162884171877585,-1.2967142446189985,-0.829047302241168,0.28306191546361786,1.5732517879301295,-0.6850980607596552,-1.411471911864473,-12.050522889031761
81,-1.2326768232050695,-1.1868141377027008,0.8446711832408719,0.19989072971190605,0.8877998908598097,-2.4378165762858064,-0.4249257953411659,-0.041544120693499866,0.5672702244425915,-0.20235708843633468,6.682790005807938
82,-0.2383091532506336,-0.4900265375845411,0.18763568728665692,-1.7500819762222615,1.5119677573635897,-1.6276528704501172,0.01511222327474658,-0.46156897803407193,-0.25258337582959695,-1.0930647043728206,-6.76296559707364
83,-0.031167726243953246,-0.11201355798815994,0.4052202357859316,0.829009087091625,-0.16004766405192453,0.016238544705796304,1.1118976692685572,-0.372727732848841,0.21451506970782808,1.2129130733317146,20.777888396899368
84,1.4053236271085772,0.8586065520403796,-1.7284536746770076,-0.43321527297225115,-0.7886759737438324,-0.11547698657402439,-0.7466953359664079,0.5368330597264891,0.08692963985420642,-1.6128785392722216,-11.100025169440272
85,-0.9417565665594928,-0.6420534764901088,-1.350121586824809,-1.5575962222601463,1.9041632353598263,-1.5803799533387495,1.749981336780142,-1.008103679270821,-0.8691024506504891,-0.7174995942241603,4.061705598106375
86,-1.934307340100161,-1.173253000172802,-2.8809800298331583,-3.540355193612075,2.725175358307497,-1.1065557109130306,0.7111810572716198,0.09391737924384509,-0.21395851378547795,-0.4515606279181518,-22.65819952451474
87,-0.5873971537259567,-0.9955370204529163,-0.036914149532501904,-0.15572192866038387,0.011690455968646856,-1.464845076286214,1.7507353922168651,0.2712337254810823,0.35684814805798093,0.2513273061452509,12.123741482015358
88,-1.0734920162467585,-0.8988864722946597,-2.133577176188469,-0.8012489873846665,-0.4718446853721394,-0.20326351749156418,0.00921388571707164,1.5085496920310344,0.0809508049419709,1.2641511954634728,-12.229541315386362
89,0.16717742232355917,-0.09301508741556193,0.3088377788579473,0.6542050116019009,-0.7154273953641316,1.1582169844899903,1.294102180221779,-0.010973992494426599,0.6627668291550887,-0.1822821437450528,16.2763695494823
90,0.116739496848508,0.14952458174808347,0.45453802186539477,-0.1880880341855239,0.9824997761449581,-0.36116426912410304,0.45739642120596874,-0.2753737087760785,-0.73508864024159,0.3445087978460614,8.98306138278607
91,-0.8978716876476627,-1.1566035292891876,0.12093953117233565,-1.0334029206357989,0.8784240953467264,0.6284431485412156,1.3557031135501223,-0.9805996072210568,-0.8462462067841269,-0.5694789688031296,-18.422935490685575
92,-0.14976643884077254,1.237774841222464,-0.13031486147603766,-0.707003197940015,1.451055816300883,2.031637338404674,0.4672237198625356,0.34621120989840726,0.7248279454023726,-1.2771697895146843,29.33082868826751
93,0.9063892587613992,0.15827630363981343,-0.5117149002306532,-1.9682221631915253,1.5960300775428846,0.12517193538220037,-0.2664231404464304,-1.652636338476105,0.9972302770746377,-1.0170868086259452,-6.549941248356416
94,-0.6564734007736359,0.004166019829852013,1.105041717831364,2.057612125295946,-0.8759608069050664,-2.01462960404466,-0.47316187663693643,-0.204930945594366,-0.5225280409743794,0.20476492060049928,3.707977003867019
95,0.020985029933742794,0.0877536033987421,2.461327875044503,3.1366997943418116,-2.179791574093365,0.883194193482476,0.6523288748113453,0.07194257828449734,-1.7129397002357152,-0.4268986099128234,-4.297100639366073
96,1.7482908992968296,2.2669857613475393,3.3715942964034618,2.7488478685019566,-0.6705496146777549,0.22498568229150379,-0.4098093154330952,1.6400462067827792,-1.3515027636462031,-0.2941417383724059,49.63168525115535
97,0.9397950210088467,1.6444167094064797,-1.1822478099516158,-1.0084981546947223,0.006560581386513003,0.40660206122986,1.4830973350026124,-0.09321714449871073,-0.08690173035314529,-1.0012729815115131,23.2117107012369
98,-0.9428081634768926,-0.8513059052109608,-0.004762223999897879,1.3258135804767075,-1.3980279153603763,0.8841447074111164,0.991164696954238,-0.015361997565343916,0.5321179292140326,-0.2625721546949201,3.219662352093663
99,-0.40392413719833364,-0.6502398693140773,1.2396913458705585,1.5387655115849694,-0.7374586770417275,-0.7891295067827832,-0.8557547484448738,-0.02982180189403276,0.5425447612488481,-1.2269950756641326,-6.325891101086462
100,1.0172672958144129,1.1013845273219478,1.6849333228543872,1.4612108779035495,0.01428923693296639,-0.7943567435959462,0.613386018127276,1.012248820906283,1.1777686343137075,0.2350780221844902,51.74639696640751
101,-2.2341231814043536,-1.5343334324310993,-0.6771143148727746,-1.0611234058573142,0.788928713607247,-0.8147526658018373,-0.4861270693162842,-0.23173159733847096,-0.2718347565124263,0.16833294562981316,-20.503785199173365
102,-0.39250285347990505,-0.5702009332645556,-0.96117002093691,-1.1501713166721106,-0.04665842277508789,1.5828064762002008,-2.068325801033941,0.12967532496072579,0.655991741735117,-0.8414939314364897,-25.24840927683707
103,-1.3898887464735765,-2.1545567020403085,-0.6125348005484486,-1.627245074301501,1.8307357756943232,-1.1511431561192174,-0.49823943577837015,1.081495903305703,-0.994614027513729,0.7254276686725128,-24.085295079293843
104,1.0709601814373926,0.07416198437103498,2.0409294117420114,1.7026445203224383,-0.595493052856779,-0.763261951567647,0.0773781861280998,-0.4679366359382654,-0.6102406416195172,0.5967148744678251,23.76577238082868
105,0.34935538489445384,-0.27929732783529176,0.9167355172982365,0.16514398646378584,0.6132596411459819,-1.1226420006487878,1.1231126187997178,1.430648582564132,-0.22373827001776997,2.0274238003155074,32.83014508308377
106,-0.21161294506721348,-0.9159970656968233,-0.0728019038020809,2.2536159753525387,-1.9946546728681007,0.02177911190073329,-1.1378555900964236,0.647751263572033,-0.28425755127083896,-0.7539972979267597,-22.53487662162929
107,1.4397238857827064,1.7971856313602619,0.10620710132027089,-0.25288883703648235,0.5276849014858161,-1.2633348272702656,0.04483455282929775,-0.5060168723920527,-0.9751061087807449,-0.5185998608844308,14.525892677841652
108,-0.8051928335180136,-0.2996739297175943,-1.8333718793979035,-2.0984303773341573,0.9878453572002793,-0.7008620223767578,-0.4472134549363358,-0.5436723324967694,-0.8941297440715892,-0.6486244871323777,-32.13970086257019
109,0.14335413406770078,0.10217625279056264,0.7016414394983966,-0.2999945293409783,0.8688287841014515,-0.8193318271359344,0.8029195378037347,0.22125547841190976,0.3222260248260132,0.7082683042644523,31.004488664967422
110,-0.9812402506060681,-1.3256130853456718,0.09534282493803446,0.6750249458629327,-2.0660627342393956,-0.3407427689440333,-0.11188919645128305,1.8422928445473126,-0.9702529539841817,0.1492600532573794,-13.402075412081558
111,1.0597689087055024,1.3329616017517352,1.5094679014298298,2.024718192205315,-0.8014833077600102,1.6972934323400508,1.3661848504626566,-0.7666290666912806,-1.0841305048120047,-0.7341532833441579,16.689198437320307
112,1.8236209749103949,0.568721886706584,-1.2961046409889003,-1.7074344415185396,1.6421394883723386,0.4879205368016905,1.4255963241276204,1.9038810326083078,-0.6251600854809797,0.6597687832667785,35.99747867148924
113,1.091894249958956,1.3703273016779935,-1.2749809087247177,-1.463650482686922,0.46115501322424757,1.5251362682100371,0.1386204023813103,0.2965414713819224,0.894197873965907,1.1776604746937087,37.37159890771554
114,-0.7926044127640756,-0.25917527224200254,-0.4192174592392525,-0.5965555378054518,0.8448496680298259,-0.08212157429233448,2.555093788363693,1.4920202807796192,0.7287962616326129,0.7882891335017443,33.09791884159676
115,-1.12913938714951,-0.3860915115245225,0.13941161554407616,1.9188370303389273,-2.274995119355892,-0.41083618717148057,-0.3284320056529921,-2.509514637609046,-0.8747290116451103,0.14707282232608668,-30.7205301076044
116,0.3581122510484595,0.0900021687720045,-1.3229308010537777,-3.513123104546537,2.610570317037755,2.2159972003040096,-2.0212104237427657,0.19090527677454444,-1.2901958832792944,0.8254358162508014,-17.39489737996467
117,-0.41975007211490534,0.10776348930510883,-1.317931831660152,-2.241808519959395,1.9785519196666406,-1.5087791962678796,-0.843220759120085,0.6789971967333917,0.9388430463882103,0.08047933384917617,9.011181648547645
118,-1.1478848938952915,-0.787502076291932,-2.1000583872120266,-2.2675085141973037,0.4203737232839203,-1.257079425225675,1.071789053534469,1.4994952794225582,2.182593304450485,-0.6691936508583646,13.01241667939045
119,1.5759635459332266,1.0726301874286885,-0.15418838957410438,-1.1245161077194272,0.16055453871989847,0.8353462868358943,0.4177003740244013,-0.06373899411996764,-0.2873047167786312,0.807297205375227,19.81956933965422
120,1.450044799949073,1.0939134339631529,0.5873977875404205,1.4577754522116853,-1.517386925074292,-0.13733701543037896,-0.10779769512873844,-0.04971300194624287,0.961035862383756,-0.7645609154374409,17.628888245715967
121,1.5965558907852495,1.243077664636743,0.5774959171198929,-1.2773769605203644,2.4506357403765793,-1.9101156497560412,0.6171928274456642,-1.0635437388698272,1.1974713959122616,-0.5881699749665887,27.107601538826664
122,0.09460142359295746,-0.21272725047886848,-2.338509557131876,-2.544745698754133,1.65723713065586,-0.6792795967143701,1.1446340430303352,0.6139483746310871,0.05062996882230582,0.3394319861008734,5.488707138258668
123,0.385694204054502,0.5429269293790477,1.9246160187968466,2.216458463085891,-1.6514177942838117,-2.0052575009613296,-1.4555612019093813,-0.7610521020323301,0.48225867457697197,-0.25476237863780754,5.928049609255056
124,0.5379872132982108,-0.3037483482294185,-0.517372261891927,-0.6185083390085139,0.17048410196484348,-0.3502577860884762,-0.5911266734908925,-1.9466527640575382,0.10408681767767544,-0.8497309434444457,-13.113604320464948
125,-1.9452815320915067,-1.3307053953719172,0.20945146092507214,0.36378260671638124,-0.29608471963333066,1.4835043900765221,0.8242232443296368,-0.6208339597139394,-0.5498238102098777,0.013030564426247235,-8.046664212609251
126,0.7930077004584657,1.5528088769188093,-0.7141616852478058,-0.48997013280461077,-0.09282977381470003,-0.07435007433280272,0.7500845737003909,-0.9732055556409467,0.05717508668728291,-0.11703297046897641,11.712432250463557
127,-0.43679151885167306,-0.27819008980627163,-1.9240289081983368,-2.3325228277637757,1.4013713865830508,0.2546420055059767,-0.08393718106373182,-0.23669676475513954,-0.6651848391198144,0.41106547690152323,-15.511698799963245
128,-1.1419092484062294,-1.0974679980087347,-1.1171080238563558,-0.6091659045531401,0.06148236173054407,0.6319279920107074,0.4390940291481464,-2.255663490785327,0.8747535752399371,-1.0199548433372192,-15.639958572913285
129,0.39962255939138364,0.1838386977932575,0.6058865683513872,0.27458717575075253,-0.00987326015071861,-0.8952980735263145,-0.7053208246082928,0.450268639410096,-0.7878612999181756,-0.15968302657414957,-3.9936159577240877
130,0.30574096777757154,0.1814919912425656,0.5062765087761258,1.2304542485188825,-0.9530090323847912,-0.5460845123637398,1.551624207141709,-1.0432451582787454,-0.12542903065117011,-0.3099972245744677,23.671539462371907
131,0.9854146168216784,1.6445666104847116,-1.1016326444065188,-0.07865356618038484,-0.8980331268015633,-0.15547521617952162,-1.1461375566725722,1.1012428969753216,-0.39103277227914296,-0.21753732436241643,-2.0717026124037625
132,0.025173053628277185,0.4575279437336379,-1.6267177541366127,-0.20298383012703214,-1.5049110741003051,-0.6428972881756645,1.1590073480159746,-0.05428149294064552,-1.2413558689125306,0.5786964189639479,2.5234866819955517
133,-0.14999390793660908,-0.3193968866484483,-0.3242512606649121,-0.7709412920512546,1.643288405545903,0.9367102764180341,0.3173488130573919,-0.5461530221626079,1.260192372678563,0.5857903033644453,19.664789176321385
134,0.7105479990502667,0.47075782433654684,-0.6952051975434211,-0.5818087118063321,0.7232193898345104,-2.6972567255466737,-0.6686392777885952,1.3334928717374406,0.9159437598837922,-1.368224100570015,4.713853877019515
135,0.794474201741066,0.6119909880161762,-1.1429672589756,-1.1213493780432302,-0.2668515202950094,0.3491385643201109,1.7095365542694834,1.0922609433268688,-1.2780255889304066,-0.6035054397984636,3.5378292566389504
136,1.7639874899895431,1.6231930811093378,2.27315896211229,1.1947351306637557,0.22502120624511862,0.726029715856803,-0.15180976022998097,0.773101946131337,0.39120156813777246,0.34037754974914347,42.07672972996219
137,1.0122963654461352,2.3122793098448136,0.05239995776127329,0.15728812327885336,-0.13400077299202492,-1.5879280095261374,-0.24719109164443687,1.891994833696478,1.1194217020789372,-0.5478473801767305,44.62411652677787
138,2.092676758878078,2.228184708763742,-1.3347288257174108,-1.7596463193444891,0.9289417198866192,0.13884650923896882,-1.4041538056091822,-0.06276850423832493,-0.5507664436852555,-0.5513479180760377,-9.974268224942298
139,-1.4186993484492632,-2.0990958388759022,-1.1725224324689492,-0.5269615434204675,-0.49464652237406065,0.0023265073746143454,1.2580253300557516,-1.2823366084777443,0.4248454004332086,0.8944812421535903,-8.640981646272186
140,0.927879972435852,1.7469254210891816,-2.023655487162121,-0.5458498148412579,-0.25450675284544466,-1.7946535403527857,-0.036915388021811504,-0.3951027034404561,1.7054841799035827,2.4528132472280895,29.724068191093263
141,-0.3546039118138665,-0.17644288367738428,-0.5137361071043961,0.008843436554282973,0.10512378385991933,0.9325972814997544,0.999502360537926,0.2994862344981379,-0.9295569273628643,-0.27728163517184556,-2.5152383404882332
142,-0.41542246303654834,-0.10139097719198248,2.025015786418215,1.1549670716731422,0.46713061152744845,-0.5294958490687527,-0.9559863974370334,-1.611398252337689,-0.5343195899951209,0.2522984887648913,-4.173582019477742
143,0.813176298215866,0.8640828368097576,1.4031407639933924,0.856568695150999,0.6618808412138485,-0.18830633863903276,0.9888449793037035,1.3676728291869005,-0.47636150625488854,1.6606468347884993,40.57262530414158
144,1.2967291558583163,0.556570450374925,1.7929316821642625,1.2627614441353576,-1.173184285471811,-0.5972788343111132,-0.5018548016621167,-0.5540623049008416,0.15904016037176394,-0.9440091262370165,4.674019118026364
145,1.22719028364509,1.5896795439073068,0.09370636850272183,-0.44980667764476795,1.231173010056865,1.7236748686116108,0.37963213302880183,-0.21080342369148047,0.6127175043055978,1.7402407374351017,46.63412657298037
146,-0.24389989475914034,0.26708617760796005,-0.8449578928582007,-0.9415522600985476,-0.049820301259043236,-0.0041073076349652715,-0.8100208072690438,0.44005055976407514,0.6067778015435664,-0.5334292170604109,2.47062755249787
147,1.6078911116423038,1.3236622036847603,-0.8552751697349233,0.012350581501660778,-0.039703408993133196,-0.252901846274259,-1.62832834925951,0.9182527185666488,1.501776026434241,2.24391582914829,38.67418500985175
148,-1.0840212751057205,-1.5844546233470684,1.4436465297987882,1.1784425125648192,0.19969407571110218,1.2824753726820102,1.7361196146565725,-0.5088680700389091,-0.4198744283323108,-0.213876333528918,12.313574866586707
149,-0.4287081024414944,0.04209221567652493,0.8435658929906034,-0.4394638638999408,1.5203442941346756,-0.6062026508869278,0.12300658326629405,-1.689158027423293,-0.5218472813399389,-0.43708439866434734,-2.8072799234711123
150,1.0272194687016178,0.5426626523891614,-1.5194501476226736,-0.4927955968757931,-0.021277318963112184,-1.7295329933449597,-0.8450054689839689,0.15011844276821565,-0.8954164667084316,-1.3040877965862088,-23.795753121003138
151,0.14183852952973258,0.37923954696594936,-0.46346597930297234,-1.074789802027017,1.2098320238307774,0.14780359210634655,-0.3578423988182381,-1.1993357219165606,2.016355020569625,-0.6421381241952134,16.5381114013366
152,0.1115123758292556,0.3450692482357807,-0.526808623045412,-1.5781029863241058,2.041944347960774,-0.5360032267085957,-0.016678217263261148,-0.5885001330499756,-0.9053782119393174,-0.967014156534885,-6.044421252012411
153,-0.8778788433831443,-0.2377045631231726,2.352278166111094,1.5741479557143034,-0.6053528365064463,-0.14642833196144733,-0.31885643853531215,-1.8371387549632217,1.6667598690709542,-0.49671219992826837,9.868493895403377
154,0.9477665577785346,0.46622130919815286,-1.2360954072394206,-1.567857998100514,1.4142776302353057,0.10330423742723092,0.20979008830973314,1.1750353668280002,0.10890070186184952,-0.41497209234550325,16.142302217155745
155,1.2168622807753509,1.590366432050884,0.709330552241136,1.2443117219645263,-0.9867305183455695,-0.2022917182569551,0.001027017905401626,-1.7613031656044753,-0.26574202869408065,0.30405891679622604,15.288453527563906
156,-0.4990790309667093,-1.43471745552701,-0.49819894530019143,0.5243756803920847,-0.23312332588588522,-0.9111387138202872,-0.7185831516354303,-0.5031902045845864,-0.08884012156923678,-0.8365832890111373,-29.93247368192475
157,-0.44523501211093214,-0.44304112732952355,-0.5350251908864464,-0.7445232827810953,0.09397454425314504,-0.24795915241548222,0.5291966704722673,1.1483554375258254,0.2786334950287369,-0.4110074046063833,9.715192971486417
158,0.49495440134020147,0.34925042793527344,0.27193385553534166,-2.740442779222743,3.9320623500689216,0.7833960807258871,1.404213098203464,1.251607540309609,0.03748785472246004,1.3471263254085448,51.14958841704602
159,-1.1427891381859936,-0.930019290990866,1.1867632766282377,2.182060770420447,-1.9818539186985504,1.2387275787343826,-0.3682738091466885,-1.0661799462961374,-1.4186998059214808,1.4693880232261796,-8.712787515215531
160,0.032397073466154044,-0.5898555501942363,0.04264827044000862,0.8193749763347953,-1.0988793687689524,0.7072904054012928,-1.134126239909134,0.5002546264008438,0.7640521637576417,1.8086410666332535,4.813639884885686
161,-0.049121705308206066,0.17548987411739542,-0.21297244557884504,-0.4909439193166435,0.22860741106547328,-0.42092993900409403,1.1170167094569246,-0.9830628231373985,0.11963887570858422,1.0993959468167345,9.268574699744494
162,1.8767617050095653,1.825517081604607,1.038185140882187,1.7209737463551682,-0.7924869876214893,1.594076651580811,-1.101155186972244,0.9017008468575746,-0.3784280230462839,-0.3212215203862512,17.93281215600808
163,-0.25580515525238234,-0.2060831247947884,-0.6149883006181565,-1.0268056414041296,0.34832528696372017,0.6458749987935322,0.8845842214842574,0.6780866633536514,-0.5300471952224091,-0.4287059772979592,-2.8141923023375432
164,-1.3452588745182248,-0.27102346344641404,2.027190488847811,2.399574220450032,-0.9427663461878518,0.284254115912874,-0.45802228751449375,1.3624102719964195,-0.7035769348452137,0.7820652671141045,6.852387224026838
165,0.12996238416248726,0.4954700417579352,-0.5800508870703492,-0.39946562367737887,-0.3762005634396418,-0.2125173560398162,-0.10258484031634725,0.73356205599729,-1.5577271907382857,-1.396805851468198,-23.011984040991443
166,-0.3729819623662612,0.7519019167469498,-0.07932687619334931,-1.495759786081357,1.698862727305086,0.3779744595981249,0.644907883643293,-1.4324673425580037,0.4776437128594313,-1.2730324778458388,3.3383837998341175
167,-0.6457145362454578,-1.3022688634155695,0.8272540458195745,2.433065927030212,-2.423971265299972,2.4407805295950116,-0.5268168955926662,0.12520867519960446,-0.20207506985604595,-0.3651019872644996,-20.763065164442295
168,-0.1183306240051472,0.007189174006140373,-0.6242152485609701,0.28513271462799944,-0.7776524053395463,-0.18119104269806924,-0.7514078906157604,-0.9620626251875605,-0.017448720623872684,-1.3751864307256205,-22.91579411362176
169,0.6309881746656859,-0.41911295440435553,0.47165563697862245,0.7229120254431032,-0.08729339901148733,-0.46654120500320806,1.545608311131999,2.5556514617698944,-0.3575899875949973,2.631807173368591,48.11412405052376
170,-1.4899742696021498,-1.1601583192724723,-0.21500132629329663,-0.12283291591013693,0.5154837981126636,-0.16808360584648382,1.5613467167272252,1.0815384836131772,0.12988865882440057,-0.314987038704628,9.131173146530834
171,-0.4877182443730496,-1.545181189326702,0.6724986672613656,1.1868543946026306,-0.6111441044498801,-0.9868762249897475,0.7779593355560658,-0.1040345875989739,-0.06059300792114963,-0.007510306825323854,-14.352883299832666
172,-1.9348817241178424,-2.6185164336966866,-0.2898323070077387,0.4323803700223366,-1.1875633590966543,-1.3552180648404237,-0.902621425997133,-0.27902453406125355,1.3707856885348584,2.0098653346145383,-18.60185449243837
173,-0.41561073219023087,-1.3106437355535272,-0.15167807085299387,0.5610628931920492,-1.306326248238356,0.8922683611349372,-0.6283133872301804,1.380639346986102,0.6658681916045344,0.25483041886415003,-6.394336615769196
174,0.7603639193959083,0.8932157902869017,1.9047247366169984,1.6005357073261761,-0.04871727854017468,0.709371706751797,0.3463521165297594,0.08312271206191797,0.3922779876274709,-0.5818271971121982,25.586185319738544
175,1.774255260854165,1.496944237901809,0.658742888831117,0.47681240882502507,-0.09989730890274519,-0.22824575512503614,-0.0342584160324356,-0.9346717216209673,1.958053172392855,-0.25133884016287394,34.29537960144322
176,1.0864007849814927,0.38416526189284056,-0.31673729976345055,-1.8129269720091223,2.1447006573434924,0.030197135162814977,0.7314491140666105,-0.33334080359184676,0.5594085397211934,3.201296736931866,36.93542492049175
177,0.20360056161335033,0.11298521519557365,-0.9540624881733806,-0.3595885061337907,-0.008063220599473127,-0.5009377602517154,-0.9089219790842132,-1.0101449894647403,0.5429102580808655,-0.5745081949950362,-12.532585905254061
178,1.3450292180740213,1.9954972561144513,-0.6510832373992832,-1.1385872193665816,0.795900864451939,0.7818189147083459,-2.8350522179942512,0.9021540758018566,1.0078481515504512,-0.8456496531799756,18.55902081757185
179,-0.3768558598556477,-1.4739409043550682,2.328558674093994,2.688201974016987,-2.145167005844787,0.22108363399143494,0.6358000369192393,0.05588234142344394,-0.3375055840312572,-0.010497588458849646,-4.775335019090443
180,1.5044144157116164,1.436601552589603,-2.3555577175481894,-1.647040259388524,-0.22122278133350615,-0.8685622848712576,0.5265157170283185,0.7295912318040592,-0.5881352799409362,-0.6312362175436399,7.767089435843468
181,-1.1646345899113533,-1.8670037270740616,2.614784640727229,2.915350198818134,-2.247921446017784,-1.2306223707633184,0.3549560860802525,-0.4504652252955558,-0.7627404704664844,0.1658328244874956,-12.217476824212072
182,0.9821690399274822,1.2650128659774063,-1.0213373456124382,-0.2723781115755261,-0.2825858195936923,0.6615558803738565,0.16843721496265116,2.058292623263871,-0.9146850901315552,-0.8992422400413825,3.2062825003759787
183,-0.19460763836247194,-0.6235651495135692,0.33897538341042366,-0.11759219362903814,0.0017633582252573003,0.9032447657769996,-2.5234179691025305,-0.14097926425267548,2.0364695705260716,0.3933146577686871,0.726367604601022
184,-0.8607091947416867,-1.0509090262198333,0.6686916160971551,1.2536454633078435,-0.47453693260852875,-0.31968650353760614,0.35191342538044057,-2.1048376713953196,2.3125290242304346,-0.3386936162648616,6.105187545470955
185,-0.23192358040171518,0.7739596016497438,-1.2096197233525756,0.006730514657703433,-1.3815708986740571,-0.28948494727200097,-0.9196709142004664,-0.5768977116666953,-0.444598379490635,-0.7444057640295432,-13.626187776524525
186,-0.6460041215391058,-1.0557073192521307,2.887240006793659,3.170213248590898,-1.5540171372065763,0.19815536385789073,-0.663466420360732,0.7866087643397783,-0.4553924733830083,0.10239944654366996,1.5386322146349238
187,-0.2748417011955944,0.3122832559203982,1.1020236171252682,-0.27657622731089976,1.3400787854427527,1.158956402079497,-0.7249523772034998,-0.9660418054960279,0.2379423824739624,-1.9337825128233124,4.074268890538216
188,1.0567897321887436,0.3532629973020732,0.6897662794795342,1.5015837725521537,-2.144750203250281,0.41625319500306945,-0.7539472450208081,-0.3287720156533635,-0.8365710182059086,1.3964564067004166,-0.3405238939132489
189,-1.2346539223203123,-0.3544236053357148,-1.03334083923231,-1.54030003541538,0.1788186065511225,0.5399654530688963,-2.1815455327460227,0.029152213708114057,0.1124137083650385,-0.7229825270556827,-27.937969758331263
190,0.5348369703895159,0.8206902938797798,1.767827966347709,0.8500380811536754,0.15942354883285836,0.11236326410404997,0.11040192673353011,1.1761828005430985,1.2503642911102857,0.27027184586950914,51.7458129215609
191,1.586711336495379,0.5698535775070332,-0.11748227192752791,0.47931766552751964,0.16584040929766072,0.516614110694132,-0.13125085993869362,-0.5126729399006849,-1.522960556755309,-0.05536648903500137,-6.460875409592212
192,0.2543592908620161,0.2837747113934806,2.836912363615253,1.5496652331326755,-0.13279677153313466,1.298928465881253,0.26276979030203385,0.26116146367549464,0.5419417572327752,1.3115167164854773,40.71232043385766
193,-1.4476149550769826,-0.5295941001408583,-0.3874963070166466,0.15924130638166678,-0.3972945184973494,0.7538318725606415,-0.0576793063557574,-1.9339673845763732,1.9423315199628042,-0.16081731918798647,-0.5192481696147511
194,-1.8437691932095104,-1.1300682010414154,0.4001763986779291,0.8515098356710668,0.2170002374371767,0.11357529564275351,-0.5140012888581926,1.3980755169564825,0.4359675183605524,-1.2946761443351278,-2.5590234211840293
195,-1.6321516674899998,-1.434213583288584,2.216428671711924,3.211474930317847,-2.3467731151195843,-1.7741841935562788,0.5019506479829574,-1.6137692858075938,-0.7600380269204402,1.344833485425442,-2.463774127608379
196,-0.8327405360093544,-1.3719415109773372,0.7915843315984185,0.5934471201681136,0.15229795090139714,1.0588499199791201,-0.12223843276200679,0.18735405828334692,-0.10220701792525237,0.8685727592873206,5.48741592666019
197,0.9162951392392629,0.8775932348407911,0.0665788739013042,-0.19172803239461245,0.5988222402445083,0.28290231408203154,-0.13524779697177422,0.5357764187359323,-0.39157100534029793,1.358197743500297,24.11691230720408
198,2.3128127377986116,1.5736950572274788,2.1420070415521866,0.9928004918875287,1.4352186428388831,-0.5151533762720333,-0.08807144351972658,0.37047500493647184,-0.6911637250929958,-0.8248437535284222,32.50721910076245
199,-0.43249963386160006,0.7564654049192809,-0.74669710449608,-0.8182190961894092,0.28052816276706216,1.5399871044556936,-0.17063410491400455,-0.8160653022049287,0.9798483575383159,-1.4585021173933364,8.61042144168431
200,-0.5591113436184493,-1.3397979746656086,0.5407395217579668,1.5294229529687497,-0.8098466161664714,-1.1762915997874286,-1.0745894766523443,0.14147217001713325,1.7988692763256506,-0.9270959756034474,-6.690749666251901
201,-1.1074731583527224,-2.029334271180693,-0.5376481770515704,-2.062054889937421,1.813070285380694,0.6942899484376568,-1.6909802064701793,1.9322054512791922,-0.06946743167175058,-1.323000344384836,-32.5078281581491
202,-0.18161826258204275,0.08238893166143801,0.49754806481923197,0.4274009818527447,0.1427724110795233,0.4194304023201381,-0.19328958118355521,0.6113843674495485,0.4795318658153674,-1.0338053927137787,0.8034876463688185
203,1.3693952891601786,0.814581212508147,-0.6000247264191216,0.49637201292037114,-0.9528565593501085,1.1192421017043042,-0.40443609206677306,-1.9206097896610297,1.044516407943836,0.41112732772973004,10.906904674387825
204,0.004926640063665623,0.5097369730954202,0.6562025929925287,2.077491598315015,-1.4083889569466423,-0.39031411696798257,-0.4438341444740624,-1.2765343102106148,0.1392512725802649,-1.0567326661592844,-5.090900834110229
205,-0.6942377557503522,-0.02040116561386877,-1.151786261790026,-1.7280128698827557,1.318640719733649,1.192027567179132,0.043915389107790984,-0.14155900471236055,-1.9682263596757998,-3.1055858458628136,-29.252799992304922
206,-1.8630348795854303,-1.4246952878671777,-0.2449703927735529,-0.4519640273834129,-0.009660183505180846,0.31780990116224045,3.001090375165718,0.26361178353190673,0.5068345201554029,0.5426151592089652,21.85187061130168
207,2.292386351406587,2.3831064294401285,-1.584427498062434,-1.63303342437822,0.9503946795825702,1.616000603252339,0.36506725711885496,0.39703999408512486,0.4214060051348094,1.226009379666033,34.38294859494721
208,0.2659607797211664,-0.17904882982736775,1.3834619203743563,1.189864598000037,-0.07610495606527212,-1.1052078717764284,-0.3253402528873308,1.6604522874425394,0.5775235995302963,0.012130760042748004,20.2506688200294
209,-0.23651748612857074,0.7768864336399877,-0.55783380625179,-0.30279111546512116,0.5513765702813073,1.0329893016888794,-0.9660319927604184,-1.280579228153166,-0.36669084473885105,-0.9232211227800536,-15.58303992995556
210,-1.4166886566775696,-0.17206410842331982,-1.3683041553541688,-0.38140544364784107,-0.7562473739881855,0.5136453175144172,-0.6522890686862662,0.34156133405145417,-0.6670400691884787,0.3172021812882439,-16.575183845466988
211,0.6984175551045878,1.2058263146936032,-1.0929351906140103,-1.304509761094632,0.11850709153922902,0.6510940941925778,-2.32083272495271,0.2184044155425519,0.20061334116784152,2.4990598229027787,12.380675195911484
212,-0.729729224217948,-0.49227196028085357,-0.707463177841296,-0.049570120090092505,-0.35906936593532873,-1.1080395921987194,-0.5042093122102074,2.195509611935817,1.643992137263962,-0.896165723328828,20.38826253956045
213,-0.704055505000567,-0.05078574088463933,2.113939760992036,2.6647942623197642,-1.1152014276304179,-0.9392344562208494,0.20116948397089277,0.06100307920427167,-0.2589811709823744,0.29890084487904944,13.086855126192223
214,0.3481334681293181,-0.1575384109584514,-1.983196631235644,-2.191094897833642,1.0943919807775058,0.5495899037118406,0.5131263786253568,0.7975256050589471,0.5780137025831994,0.13052306708072559,10.098475674300188
215,-0.17937429001339675,0.017284755186474265,1.16561838132823,0.7341103374370693,-0.745130044888266,-1.358402983770969,-0.8523532768991546,0.1677686608965338,-0.8660929047750235,0.8566214761692259,4.663758193320498
216,0.5532387177926593,-0.8470503025128754,1.2026977339403893,0.05954949890705782,0.8490403782312005,-1.3906922820790244,-1.6027187712117743,-1.5891011288598176,-1.2347596762945665,0.4212289392790835,-22.947337947075333
217,-0.37366743686122256,0.8777748472358062,-0.23339869994622248,0.25324343536185107,-0.2303530033133003,-1.3915010999387047,-0.5609126609571765,0.0030694373868415076,-0.20480573490315288,-1.9470640432711308,-7.272280649382286
218,-0.663497671555095,-0.3656721678225331,0.9976221782018662,2.139769364830011,-1.0637855819799957,-2.020910818536847,-0.5213319830424197,-1.2458349235529091,-0.05498254658821464,0.30730254390793454,0.4550603081601974
219,0.12538586286558426,-0.09566376182051796,-0.6022393769586943,-1.6064914798012544,2.17945262519766,-0.15195657952756267,-0.7633974155729978,0.2979990361049853,-1.380082474074767,1.3547863920150067,2.444213838245748
220,-0.8144611851049038,0.37361313827334225,1.2763129154250081,1.9829644469291159,-1.1296690936797773,0.16082637380795106,2.0069523030488288,-0.48049954462070277,2.8100783033059957,-1.0150658093838199,41.578800747191934
221,1.0127334475282743,0.9186529052011719,-0.9392370660817954,-1.912073555012048,1.530446530074245,-0.7249237393255109,1.027979654870742,-0.5069785922318909,0.5911811354317162,-1.2769236819764076,14.800391930514616
222,-0.11723389092621275,-0.6063622689565016,-1.3327612651671388,-2.6697941056145154,2.282474177222348,-0.004450480715799093,-0.8298855335117137,1.138968321650628,-1.725242405907038,-1.100520239567951,-26.78012419539647
223,1.122956228101538,1.3881334778522048,-2.6215793328594033,-3.3199623365830817,2.0580605696812166,-0.1819901543068159,0.8323246543869034,-1.139614923066359,0.7592118938191126,0.4613062097776889,20.346244594677295
224,0.4954099904378168,0.5028054292384901,-1.1653595857974492,-1.7931168034158678,1.2387323824091292,1.3573024584295088,1.4164091726753605,-1.1790943188795788,0.6479079447908926,-1.1132347809214838,4.257891369964984
225,1.1159458019655226,0.1894986871265207,-0.1371308297985425,-0.2524131513179433,0.38030852375097735,0.15417532579589563,0.8572974315154283,-0.3176426175118188,0.7489570219610278,1.8416246798523777,28.67009042386025
226,-2.4989082847933366,-1.6801199061157546,0.2619740632428676,0.6332963143627438,0.04226409074847296,1.3897142635126618,-0.08035260822953416,-1.4962331028733973,-0.17599348795855738,-0.016609755578617692,-22.980879778676616
227,-0.9736020695329864,-0.7043032066624114,0.6800616850548573,2.1488575314051617,-2.020508636213826,0.16921599958027175,1.2450908936332512,0.06730819188153446,-0.9917635182480765,-0.9788832461001874,-7.907297040660168
228,1.9251974829869507,1.3871933768095097,2.3291251353177094,0.963827571165643,-0.17467563665653235,1.0650867382439542,-1.5401018715040475,0.5991252756784117,-0.7909576224056711,-1.582447152848959,0.5664165076822574
229,-2.2555964919085247,-0.9806285046304875,-0.9256833629077225,-0.31105515015898316,-1.453937649957282,0.45976103451016836,-0.33774623061823594,-1.061193147853012,-0.14132709638956353,1.2461668320091706,-22.158683958142507
230,-0.6521127128469846,0.30298706476807724,-1.603800805625484,-1.1464115516791222,0.6329110123042213,-1.786392985689919,0.8522665944551563,0.8057008405871761,1.004052609318323,0.5487001539039928,22.402727124713326
231,-3.009871137242022,-2.1317539942466266,2.6370295281096108,2.8716810386566087,-1.690768406426483,0.7275260696610204,-0.011293354555453248,0.5566965180614003,0.6648306879973522,-0.8313676243428006,-7.038447507630588
232,-0.5543249094123384,-0.30659576738241373,0.7884280202797056,0.3068494937344076,-0.9029875089616567,0.2531676288279417,1.477382851877879,0.4400031023986796,-1.4477640041103004,0.41684124335069234,6.087573250997644
233,-0.2804587926928311,0.3492155800473452,0.43697788371124674,-0.3811881280681149,1.0363799438662682,-0.18616246838496384,-0.12175590412837325,-0.37247465959297166,0.026348696586779977,1.3635390964503238,22.693984280410874
234,1.5115148214923646,1.4339856564589064,-0.819040245974746,-0.9250083737702698,0.34722239448621206,-1.6546889566282899,-0.6324946779393189,-0.17624284182262578,0.8203898070370311,-0.2830532734881937,13.301209487263016
235,0.8813582819705679,1.0943290430793273,-2.5649733271210384,-2.0752517318989336,-0.363840750927554,-0.97815811495129,0.2951734804158149,1.7346633859431306,-0.2955629040879718,-1.6451889803710007,-9.265938662525405
236,0.740132731095937,0.7665462400407063,0.8981265785327621,1.3385226984616612,-1.3171636411210779,-1.5266911601630864,2.3017379114426078,0.7007433841200696,-0.46524752070988296,-1.6877171553566912,18.38025942030089
237,0.006250233285627582,-0.2052163975473884,0.6337638960053152,0.44099132350340026,0.24264943455594928,1.6143264093824112,-0.3367293782638492,1.2496892082738902,-1.8272203871116384,1.5142118602820218,6.236715158686079
238,-1.0299967379518848,-1.5546359684981474,-1.227733713230466,-0.2936146234652843,-0.19447359529498057,-0.12505742858016464,0.9965568984706706,-1.2466798952448976,0.695199030247393,0.9559348681902794,-14.482424806893729
239,-0.11647402808224423,0.1348590174867113,0.47601774190053325,0.9348462223122231,-0.3191061132702128,0.3359596158905253,-0.5083667006857977,-0.44540484379567435,2.584603713825749,-0.5685793586179599,16.944824065175986
240,0.8872315039711377,0.9129299046022418,2.0159327502780084,3.3458798736594875,-2.9037165172105706,0.6153295258950807,0.47556238346620305,-0.9515899295583934,1.859137574560521,1.7670724078913793,45.99790596675804
241,-0.4908208888247695,-0.2383088918102738,1.1919423992816862,2.4561482201487785,-1.3602737788168686,1.153488831546467,-0.06988133029698623,-0.6216416494160708,0.8909325373784758,0.21112465280392023,9.6031244720455
242,0.9255071928602169,0.011576081896533575,-1.3849834431754697,-1.5588110084466542,1.4971899254610546,0.023069222222910964,-0.4460233127443815,0.385048260940963,-0.37283879286215077,-1.2573654306826627,-15.00040718003015
243,-0.4041590286763228,-0.6534969466239389,0.19101828397659432,-0.07418964095470196,-0.3353978294287576,1.3385494478970383,0.9158522227588854,-0.6933598267844043,0.23284450544485064,-1.2285073344336357,-9.933672757856073
244,1.5819045752285512,0.4064379780796616,1.6730115752242105,0.9700840654231032,0.42371802075198994,0.043231555300847456,-1.236103496874166,0.12282058446388028,0.11075129802611462,-0.21014570810430944,25.541704700863768
245,0.5201352371034799,1.3692604703807354,-0.7553144791557719,0.14204574787268803,-0.17934776830286345,0.04148404225799385,0.13885200269381004,-2.5216539089787178,0.5460148272149151,-2.234428470521975,-11.76888695527654
246,-1.1765695799259317,-0.6568057293217383,-1.4746021519951884,-1.1533666334207922,0.32896992475617753,-0.2411108311415875,-1.4540632201999546,1.3715556905342752,0.1635476561671803,-0.2993110376360336,-10.17444805584026
247,-0.7443901854086525,-0.6204542616934876,1.0025705682328485,0.00548121613039674,1.6911272819874479,0.11059079124366818,-0.5383306424988856,0.2540040242729894,2.0462106938511355,-0.9283767931521131,23.703301694343697
248,-1.023654385360938,-1.2895919710572445,-0.6356647866537345,0.4149381416997754,-0.7693022235680887,-1.0281689299959311,1.5374754303630158,0.194102493143513,1.0883412695212034,-1.5293144488663324,-2.5227145667817084
249,-0.26193212672114496,-0.9717693598369372,0.7860345865269907,1.3553433453355037,-0.6188225999747151,-1.272220054114961,-0.6056565910191231,0.6978920712668331,-1.3704353105860017,0.7466224846910311,-3.2279221444674695
250,2.459577539192593,2.6686446196545246,-1.604669686074262,-2.422098862031876,0.9455632782320592,1.1633169927387133,-0.6824447151091424,0.039367091967106846,0.901172810833081,0.11636685294134896,28.24418984234747
251,-0.04216877908953527,-0.5821785432042252,2.24590841280909,1.4760901428424178,0.14905967472082615,0.3701655545028285,-1.8623196726304043,-2.0669452415263034,-0.3573974723669095,0.9796900141199566,-14.328784471493496
252,-0.9765233677131921,-0.33087803520654213,-1.8570922738662425,-2.206374955672512,0.4905141981876185,-0.11553025153761617,0.7289502658890022,-1.1641019299206705,0.1638571062343803,-0.1705814976349135,-3.2946197840037392
253,-1.5904012968676926,-1.2015282021999711,-1.3517267383934457,-1.6527870224014665,0.7300576662374554,-0.33447906752506995,0.17550658112724196,-0.6844760750992843,-0.7459898544802729,0.10463321963811316,-16.376219149325273
254,-0.026580444151207746,-0.7849932845768661,1.3432955387935674,2.83500956159449,-2.3746843046058244,-1.6331509839503802,-1.7505373125207508,0.6200063848849955,0.27717194141654317,-1.2470910144645495,-9.43770019164847
255,-1.9872400514291984,-0.4946584134323163,1.2761947979893353,2.9676541653031023,-2.1480769514546942,0.7617961990303276,1.629309303121565,-0.8181535781673852,0.41863830917628414,-1.1577184194479422,-0.9498263881693019
256,0.188350005591594,0.4391886496523557,0.39650076043663274,0.9578932773908673,-0.846006115573239,1.0387077572835108,-1.1306255397859357,0.4782822026063703,0.18537722367307577,0.5919175516551314,3.854969748748416
257,-1.5167149077072715,-1.9629920567615105,-1.702948963598706,-2.084919235178618,1.0085167642272481,1.3982474429553775,1.3746502900119948,-0.556360635193861,-2.6440352372047955,0.03713343300296313,-48.2701142835407
258,0.03787926316206053,-0.4633270920808951,0.9199834332354776,2.004641163978111,-1.9889891276190519,-0.31755132858697965,0.5788575477680772,1.0796786611636358,-1.0768827745677867,0.8062056139810334,3.673311762993503
259,1.390300757579319,1.4448317611359285,3.14999554306204,4.361865390709791,-2.9810462435912304,0.12312500498642673,-0.34962004303572597,0.4703264165492523,1.9122600450019853,-0.20997489983444115,41.03705022635142
260,-0.2516389285618401,-1.3946049963415859,0.09501953143978993,-0.7911476435839522,1.8947218979505498,1.512849106003263,-1.4871967100940222,-0.6219978304478505,1.2039272440390596,-0.8339509578622375,-10.948778603641754
261,-1.676480328737247,-1.994608247467689,-0.84133046573685,-1.9186945078947881,1.7505137830824877,1.0590519054460041,-0.6531317001994512,0.19444734512553946,0.24578861246744219,-0.510119509787745,-20.297895627482053
262,-0.023447880236352775,-0.1888164013297649,-2.7710202360869034,-4.3041298533369226,2.4261161605145705,1.5160990108537493,-1.0679771809289182,0.2888541526346223,-0.10629474726478406,0.8742822514762318,-11.67737759844037
263,-2.460832929298304,-0.8178402505407053,-2.348284417165683,-3.3241411381183252,1.5231793338103683,0.18415773721613116,0.09115729093488595,-0.2762598095179442,1.0196134218762114,1.3582347832797443,0.40863849736661173
264,0.615001971479381,0.14516528441635282,0.11509998408613008,-0.10584143071907683,0.488661545096502,-0.5537266056194217,1.8005393223373776,-1.349569343238251,0.0137049582031974,-0.5800517460646972,15.398800007627509
265,0.1834621493830818,0.7661283237209681,-0.2025106541241096,-0.22885375259090487,1.0764413098965513,1.597270357369114,0.19668504257704594,-1.0863118035603454,-0.13275600079073444,-0.8922140238328657,11.19627411217167
266,-0.5982521115886517,0.0336278624998151,1.5314450936457524,1.1956139934621532,-0.3242026184416798,-0.30120775603404576,-0.655888094110067,-0.38178579182677874,-0.07339881309352161,1.2441660193168749,12.378512430192501
267,-1.6360356785805632,-1.512051513374317,1.2663320717205278,1.4633877879504253,-1.0944634855651054,-0.07275768070275515,0.44227976387172463,0.07248496040853732,0.7457600832890312,-0.34459156610219305,-5.153702921251756
268,-0.4188806190750421,0.0345420419663962,1.4013519190701735,-0.36308220273275016,1.5575158238107694,-0.6773427296734003,0.6642100797010682,0.9437700777500088,-0.7769760690761005,1.3942092229191576,30.47638090807066
269,-1.5056825993067386,-0.9925975854715103,2.144401870568233,1.6980151466068323,-0.9625474423997976,0.3351008561045545,0.7403412063306112,0.005381595452824405,0.47676067596048266,-1.1791947960812,-3.379500327301022
270,0.09975933804965363,0.9297430452345247,0.07225541222251396,0.7228301809196847,-1.6478596247955974,-0.5374027565071664,0.5761201337806667,1.161738246834344,0.5879798465034095,-1.0034449321591308,15.234497373550099
271,1.0097540181890843,1.3859643161648088,-0.8994482901976228,-0.19733941903357316,-0.9688677981967244,-1.3501344147894199,-0.03656379858583683,0.33411628409212424,0.7691661596852685,-1.854808984014117,4.1481924850233405
272,-1.08504718666153,-1.1400962915448307,1.7689107468624805,0.24147425781953671,0.5136754619314231,-0.7066459585521416,-0.27606405916105803,-0.23154609649434651,-0.20731106262148377,-1.14090197565306,-4.934412890730972
273,-0.6833412067431595,-0.9914059765871224,-0.7050671479513677,-2.476575336153508,2.3757762169078567,0.2431704057153525,1.7219682464534605,0.5472657324098849,1.193545996252543,0.44789084853969213,25.121369194537255
274,2.7657184288191567,2.109148439459357,1.2618923453487023,2.2672085660917785,-1.4566081047099397,-0.26902461307540376,0.22509028912665857,1.2819757478373677,0.05884059216531607,0.9436949674281282,52.09418248704741
275,-0.7430199121576809,-0.7214448558887882,1.7340135853684098,3.3057557206280554,-2.579868880728799,-1.9026076142047887,1.6449275674301551,0.4637296268907694,-0.17678922123751956,-0.35193620424229477,19.68999633698036
276,0.5337381460104508,0.15830292776799518,0.5166567081671615,-0.0061887152729341675,0.8693190297610116,-1.2448682350474323,-1.952184400855326,1.781618528567456,0.6153249889092666,2.0354324570469084,24.92816841405841
277,-1.5766591486137644,-1.388296538787267,0.9548735245477168,-1.6177255551371752,3.6277243425350676,-0.05661121163749843,-0.2725181308329114,-1.7054196158106638,-0.09308851345374346,-0.07095225505770915,-4.644997079731218
278,-1.3422818873210098,-0.8850517944412862,-0.8448971323757402,0.800770142215253,-1.703285599952154,0.7083229078174841,0.6467513679722723,-0.7893799035165167,-1.916542925456908,-0.19220526457965048,-28.118847283628963
279,-0.061136950855152646,0.3400851503416774,0.43909156450602777,0.1942297444750833,0.32261502332146363,-1.0435959925324652,-0.06618201051662598,0.4530325415379982,0.32897293307615433,-0.2842317961209299,7.779244956919893
280,-1.8109677754218365,-1.1566000805780081,0.5240809461134243,0.21647079369093242,0.7278295966179738,-0.726760131543146,0.18770237437053391,1.5313068105412861,0.986141199045573,0.8936034933964325,24.231328584849027
281,1.223434825905263,0.6033807407809185,-0.14429178282209612,-1.0146833262856318,2.013833405970985,-0.1883826334849085,0.9499266048645518,0.5854872324648054,0.9087135550769276,0.20361213348292123,43.94044052676395
282,-1.9587170634440727,-2.3108592844025293,0.053454127763435506,0.5752093470213845,-1.4512311564447695,-0.6835334877106225,-0.5280589130156474,1.7067969607175637,1.5750938489754784,-0.27202638568594656,-3.975451074409248
283,-0.5974885302507509,-0.15986531542376184,-1.5571122806459492,-1.2067280896873058,-0.5667921003721234,-1.4181282448515034,1.6030420704662756,0.9724163419622769,0.039689563746089625,-0.8778736492135231,4.5376171138788175
284,0.37803906138688564,-0.03715425805930005,-1.1247868218328894,-0.3409544021242513,-0.05900857837661845,-0.10509598259282457,0.7581905961781286,-0.9903252545387182,1.557152194629457,-1.6874944573126116,4.197730107353541
285,-0.34137393932878296,-0.5769526110484232,-2.1404739812125024,-2.6077744523468067,2.4432223998138616,0.4572596913928018,0.2803226148114264,0.10847986460813236,2.38869325386048,1.1752823920315667,29.744583981873472
286,-0.9529667070278519,-0.08892350545961525,-2.572065209711617,-3.1645904448644284,1.9116469968400354,1.2507589407779336,1.0134047771862786,-0.43277288847339274,-0.03313646481962311,-1.47388171694894,-10.356967339760846
287,-0.3852065058894969,-0.38570207261100364,0.251280904888504,-0.045770375519950036,-0.145360664183122,1.0755959293724655,2.058965301250636,-0.9265701228499317,-1.691514178958655,0.9055518005083033,-6.451788498378988
288,-0.19508823631814887,0.556765390576055,0.46043570745953166,0.44944867885100387,-0.6275816824973035,-0.473948528816429,-0.7551452142295373,0.6833158642855934,1.0202252522888948,-2.2483398937814916,5.95551789782019
289,-0.08750706819312423,0.14051864176192333,1.807034171779406,1.1509724760588544,-1.1059534069582542,-0.34663206587407464,-0.67029210213853,0.5082266401363573,1.0972719826827042,1.3726550219297842,35.31644269036357
290,-0.07811047143069197,0.39606501938998767,0.11587628114053357,0.3570005513029317,-0.6933351627891137,-0.37299093592649857,0.5966294239533126,-1.0499756779696894,0.17473730061389312,0.5649173326332053,10.746716572927475
291,-2.1877078884072403,-1.760817764995105,-0.8519854127308006,-2.480287908535338,1.4499415783668357,0.30598102340049316,0.5789417064824589,-0.9035417814199955,-0.7218488022334147,0.2318920355482043,-31.645792223771913
292,-2.0023887176545103,-2.3637604561532837,-0.4130603122362886,0.0811224988645126,-0.4838018315865569,0.4493501646194908,0.3791840395199088,0.16655718868186567,0.5043990383280986,-1.471279005887026,-32.937037430400906
293,-0.38351786810383376,-0.43839541610734495,1.0535153391007737,1.2729049400235466,-0.9713753428170954,-1.5190730818358271,0.06110841551236482,1.3716080965838597,-0.6774590923320916,-2.982433516512692,-7.512278404898271
294,-0.112445086561172,0.30368424397791033,0.9738661038326487,1.1291912583713557,-1.0070910210354385,0.3590681052008228,-0.7711381549366159,0.8892685108596042,-0.2890358295907548,1.2574923657877515,15.914784962229827
295,0.6204993753673945,0.796022249526683,0.0964705794086541,-1.4429079322689875,2.1819277196091944,0.1052767398398327,-0.275205839191217,0.9116389588290251,0.27393386586532953,-0.8282991094044215,26.616024699604864
296,0.5483973751738201,-0.29464014432582725,1.2154504949592093,1.791550561413598,-1.1139967218263664,-1.3208047921630315,1.392340818775439,-0.3170469906703434,-1.1369443165549147,1.0753228501814378,11.210012434979873
297,1.1251636237952685,0.816675535143252,0.7648684306818577,0.74777569304534,-0.8772142320309401,-0.5807688731217953,-2.0111635680453963,0.141845286853003,-0.15234329511089678,-0.08735768270225888,-0.19122169254096866
298,0.16378549366970874,0.11699514639133374,-0.3569419753904938,-0.9986121717415118,1.7876178275976695,0.03952571548351488,0.966263739408619,-0.10559799711186184,1.6734008169787618,-0.6862906812512694,26.57891758790641
299,-0.8288911706252425,-0.2051168517521566,-0.8329607007159119,-0.4972577678388633,-1.1630402301809704,1.089117755884919,-0.372882459920047,-2.555050966638068,0.24767759268343015,0.3086973371745532,-15.03604201684852
300,-1.890383421912779,-0.8663979350759548,-0.22732159353284678,-0.6839112949306249,0.18813220421491952,0.11532734145667588,-1.714312198633828,0.5251352987977461,0.48325451396068453,-0.8343646152336353,-21.1096632077319
301,-0.0002537409412402255,0.15236763153842353,-0.8082396828369611,-0.3769385996041229,-0.3181904095601475,0.3392201472525837,1.7629872287355524,-0.47708430632949245,0.27832714183964613,-0.33845623764838284,-2.2414966906387352
302,-0.9757364589483593,-0.43097664792288115,-1.5217332848987721,-1.9666105307586292,1.631091913497848,-0.9760174556370044,-0.6441550347861285,-1.5335123201596177,-1.4434357466217784,-0.8052557133114242,-40.51416098092678
303,-0.4040879137090044,-0.36766295724074644,0.4130621467815956,1.6520222625250083,-1.6012615206473073,1.516268863662116,-1.1672534884531434,-0.1606711352349148,-1.5850475896097656,0.39549104208715585,-16.36736646195563
304,0.047342247394963975,-0.034001937001415204,-0.622905377367128,-0.7052778717671914,0.2125971915090663,0.37953621913198504,1.4813148574103059,1.4465531833258258,0.1476064233641121,-1.6123742448145921,25.0082709941725
305,2.5478566961248337,3.557600389791208,-0.24306881235309513,-1.3158608328364836,1.34179252366281,-0.6832106890226508,-0.5463259088738277,0.3374493377390874,-1.0640740285101826,-0.7847979245319108,21.260218419395034
306,0.31098180867277336,0.5565702694818434,-1.2643573923035725,0.04689193306914815,-0.8874150910109201,-0.904735929095521,-0.49667993984310954,-1.10946237081059,-0.7183976876055714,-1.3375870473100553,-24.410250954763345
307,1.3635606698443068,0.22265633516269748,-1.292089281640734,-1.2405805872536835,0.03996246978701053,0.37026110548152713,0.18496752123625176,0.6636147804368528,0.08632211930210902,-0.6399183954780829,2.68421158302779
308,-0.5101123437610312,-0.5299508166965979,-0.4803575656105525,-0.6141257949293655,0.4172227127330499,-0.3923517043450253,-0.7878945900992651,-0.5947546820576284,1.6790549676926563,1.3549481155269567,11.023620100424475
309,0.7175209388313252,0.13957800617817584,-0.6951227271782441,-3.3561525979517186,4.148298886015495,0.7766644770622285,0.1735336006152934,1.115891087173529,-1.4798686468780713,0.03208615991976844,5.341465371121337
310,-0.7583338948646177,-0.20046789901204962,0.4899490223491829,1.71959447990135,-0.5530987313993417,-0.35392324952703674,0.8448525288132829,-0.8568505134903004,1.9347186138798924,0.9224861102594581,22.767330825011136
311,-0.38695248462039256,0.37237256840625194,-0.8435893218336453,-0.7713992412735412,-0.6726984790271519,0.0325706893402568,-0.1900512699580791,0.1898450668187787,0.46464013306994295,-1.9480320432552363,-6.743988976001716
312,1.3326158563429185,1.1534937618836754,-0.8868349088392191,0.02673460437248158,-0.6475307157709986,-0.7910371046654464,-1.1149272460464246,-1.4046322295714562,-0.1354663940704601,-2.5350858767019315,-18.336823271549818
313,0.4586437858905735,0.8460470276192987,0.31577576322160505,-0.21110476068978173,-0.1676411704850172,0.4946524755906454,0.7511606729351705,-0.16022565142576325,0.8402020070056736,-0.6009698992381012,22.08955765297062
314,-0.24748330223975248,-1.7473633325925213,-0.017489972728094078,0.24099347403970076,-0.4988826469070529,0.8021325172042495,-0.42855275017621103,0.36139403971755624,1.5194440656062076,0.9614193266756174,-5.767585406987
315,-0.3158959213074217,-0.8820556663041139,0.02974814241861515,0.7530017715780625,-0.5521477192881743,-1.1466612095500235,-0.546468367603271,-0.23595807682216113,-1.6419698671311487,0.5335058584587752,-19.406471280620874
316,-0.9773905419925047,-0.20019251921142672,0.1874486614135503,1.7174735997695874,-3.081454031420738,1.2909897836994986,1.1782784489613307,0.014126922246222449,0.1357795391059082,1.0304436176756062,8.025814360995998
317,-2.049380163505021,-1.0007215152365172,1.0490071369616543,0.36804930773360583,0.3069868209476012,0.035077522151023055,1.1700173120485213,0.9349562986311667,0.7372927976078686,-0.9208770266852817,20.786267020398107
318,-0.32490928078581405,-0.4271760507982457,-0.48567070649276817,0.7815574418951181,-2.0340638076947153,0.022962870513588383,-0.58778430253119,-1.6253940511789098,0.009235199690745377,-0.8191323211566455,-36.37656377832933
319,-0.3450774007368226,-1.0877776703116924,-1.5131724175200634,-2.400689295947055,1.6533471347258744,0.9111636258302965,-0.6314243309034966,-0.9968066707796496,-0.6248616709421608,-1.2950485918745414,-40.3624890943713
320,0.09172269095090892,0.05774642963113364,1.867812919953442,0.9081957058584902,-0.12451092072585511,-0.7079158054492909,-0.6303063679552122,-0.05634285677042869,0.6432413424457613,1.5276256712922456,30.356024839811532
321,-1.1765617593584516,-1.048496360418898,-2.613569337096423,-1.8309476300118248,-0.22808592436538885,0.3493434801706711,-0.6540085072929439,-0.7610657438703172,0.15828074914788814,1.1217060770764864,-27.536488723347905
322,0.40168544892756824,0.8137053813837875,-0.661014462503918,-0.9794529831964928,0.6667886616269257,-0.4516661287730029,1.3153709321959643,-1.3366288728330449,0.6383975539422937,1.0369817347848904,32.750309128602396
323,0.09901380113488589,-0.2924748722380501,1.687929060450164,1.5277036243943656,-1.3324358491732522,0.9190162929949259,0.6623140700533271,0.7517693965994703,-0.6314234149839216,-1.5658712152091048,-1.5854042336698444
324,1.619730698246494,1.8801839406011966,1.8405635855914877,1.3580232160718497,-0.0034414836342704933,0.1779163071145396,-0.42531406690762535,-0.09676871204777177,-1.4296206081917262,0.7529851547626627,7.815255783555305
325,-0.12088464572937441,-0.4394153622116319,1.1654890775714526,0.9549450413319893,-0.1697961951882197,-2.394952576742106,0.37247896100276123,-0.30131556761193634,-0.46122843711323075,-1.0076495150447586,-0.25109173213948344
326,-0.3760093250288384,-0.04671661450211882,1.1671727765281754,1.4383312801392971,-0.08802392390648338,0.47257345977232607,0.2744119629654003,0.798592197282087,0.37502105009183273,1.3456126421006833,28.297239066202394
327,-0.631694113895325,0.03821707215540842,2.6489453021409686,3.4680877108385553,-2.891148899785294,-1.2161118264477324,0.6851598134389104,0.06681032024225816,1.278206146784135,0.7409202498476155,34.50372345070012
328,0.7572045358801522,-0.35597228428939565,-1.7053696791255974,-2.6030077628473753,2.2080370217508687,-1.8237661204621212,-0.16443342090802068,-0.4203662536848717,-0.2878730033048198,-0.24480940506956952,-18.558069121359058
329,1.6687857875361516,1.0404123977269668,1.0594283868453933,0.6340831356396889,-0.5190417688004008,-0.856442988116842,0.20791414359062357,-0.4509979779093748,-0.23635383111392766,-0.19700552257758122,20.30350382265821
330,1.6569970693785687,1.505868421920384,-1.6942537978414223,-0.5727273885771434,-0.6027448608596603,0.04089170332035549,0.5460244315560289,-1.3728939599466754,0.48563520648821995,0.0533219753865384,12.074499598303499
331,-1.0670153003302287,-0.5133831996206449,0.48317602631851003,0.24458514011430113,-0.4603582338398043,1.2314765860593853,-0.8336245438624604,-0.540990866954634,-0.3659047316553378,1.4892207086228395,-9.484274410646266
332,-0.19115384089457996,0.0003939520743485707,-0.16387694532218655,-0.8689867172678692,1.8991179083267276,1.038880812515441,-1.4699629829477754,1.1775326202514456,1.602123040684212,-1.2034551156513194,14.650705499921827
333,0.2106418543526962,-1.4360576058253791,-2.161457768940687,-2.2290729439730033,0.8132203909997892,1.291185246036426,0.020211317520269428,-0.4305569409449274,2.240804592522629,-0.0988523716856424,-4.859811004134412
334,-0.267940635219272,0.3993462616233911,-0.9982234238746166,-1.0645154195413704,-0.2718551998327353,-0.18575179888505594,-1.5127815570015668,-0.4557758617136806,-1.6750495348236905,1.3301503809996535,-21.396415195752375
335,-0.03654642240030837,-0.47799408522465203,-3.1366400761223687,-1.7378688545440364,-0.19535660336789912,1.3840151823786668,-0.5887189205943387,1.7156013159259174,0.7180897791068633,0.8132020403612104,-4.5574289337983975
336,-1.299481194352504,-1.7610984993714838,-0.3571793778640055,0.9025424269201919,-0.7302369612070466,0.6817451256736369,-0.538630564155924,1.7101692723634228,0.5574089931527825,-1.1303407876154148,-15.6857197418298
337,-0.3744825271687513,-0.8268145007716039,0.5872575786542279,0.5051959930248765,-0.001950310246394051,0.38054695131331195,0.06584160761476993,-0.8193061845445524,0.8688214057330302,-1.3391314949571944,-6.785032486709168
338,-0.9944835409072855,-0.3376142297021939,1.1329191625249222,1.1856758275109713,-0.886155624399633,-1.1387239213593072,-0.030700081182988663,-0.32145031665907015,-0.021477049314905797,-2.477757145875303,-13.678744601868848
339,-0.43224594374211966,-1.486860210954663,-3.303626954981432,-3.620474302032164,1.3322673368771791,-0.04974504579233459,-0.098868287920559,-0.7646094412627884,1.4732454763241276,-0.5078943097231686,-31.71483787978966
340,1.4674519652206401,3.0382614999199276,1.6758632678336158,2.0644700829904705,-0.37792420080098227,0.4218719024227005,1.1097960474896156,-1.4002473094399053,-0.22180679673742426,1.4901694638359275,43.756319653521224
341,0.40598218398635777,0.9483687496812332,-0.13520614595294025,-0.8971855565831219,0.523632850999767,0.675455834235146,0.27365571339221195,-0.013986609324822732,-0.38600049138739667,-1.7047418454614498,3.336894150689817
342,-0.7964785811815,-0.9391210982306272,0.7837572430146388,1.4011557527407255,-2.217545427221299,0.0754701566973041,-0.659694786845249,0.9266650489815103,-0.9403597931027279,1.7220208090264104,-4.475277989524727
343,1.1609300742731137,1.2758730990309555,-0.017429323334103745,-1.4547320716081749,2.1274335962035282,0.33266231223961423,0.48225819219668287,1.5827685873732205,-1.434788404479083,-0.01037703734791551,24.378381068650928
344,0.2556082323988297,0.4195154044411994,-0.5626445487254965,0.09075177007304149,0.036308663890490936,0.18057653588541156,0.5987121931598296,-0.5291031450283019,-1.1521919963015799,-0.9907424229032479,-5.858075390509045
345,2.400600425412151,2.0850100643724105,-1.233919918876694,-0.16964703908937465,-1.6297683337702846,-0.7194389598803751,0.32770570449722836,-0.8469921925773352,0.6797110703659991,-1.1875144683250656,6.893832528809262
346,-2.065793556855137,-1.059476576379793,-0.149583681925741,0.32446840848646263,-0.15160215699942642,0.7918894201502916,1.6981268798414169,2.269937273601493,-0.5749109224883447,0.21878854644879298,19.512229461779214
347,-0.4415289755290147,-0.8512599790014178,-2.6828893557337774,-1.2335184784236781,-1.1130627297515119,-0.42167944497172755,0.7285659988808553,-0.9524422154431403,-1.297013419425219,0.20211086553928037,-33.66022912308519
348,-0.03862275831398649,0.09415762374545146,0.5107394584529392,-0.9047320647805996,1.209409179246638,-0.22776181143702523,-0.12674996824692236,-0.4709813056949604,-0.20440794214703792,0.7663817108927663,13.026525650026986
349,0.48854142949822105,0.4462910439370948,-2.3063056462173126,-2.15813237727096,0.9125144449348095,-0.40901825454640395,0.926240976310701,0.31566373130589986,0.3108170819059621,-0.31973971748622054,-0.6891026151434092
350,1.2043801847778866,0.276126761289774,0.28692397644383005,-0.2324355045771855,0.9427472970394846,1.0748629927373572,-1.625930523722081,0.8224958080223574,-0.16623128452647476,-1.3247419417122244,-1.152415749259017
351,-0.27996317368106394,0.19462360190281033,-2.060527068133052,-2.2593628305333886,1.199027083984587,-2.3390221455743934,0.1536527594289302,0.090140083583378,2.6674365197699625,-0.10035598301209578,9.003285985265839
352,1.4778392049309894,2.0146611824715825,0.41014292966991484,1.051940065522045,-1.8652491857405837,2.039325279732583,0.8535347105836442,1.5140280236468413,-0.5408402130460804,1.16139533003197,46.42019726131131
353,1.4885150788190638,-0.11711875289912235,1.2622902797721063,2.439234232974722,-1.2025313649055733,0.5839487727923819,-0.9470058676477953,-2.2369776347098678,2.181009444195746,0.3696668409250702,12.033146576211086
354,-0.6804386648834602,-1.2467246512233103,-0.12231850095955493,-1.13866343260419,1.8621113218386893,-0.373000033187593,0.3405894076408649,-0.376931039120915,0.8980895549952347,-0.46781174740016945,0.5008041634531653
355,0.9538734259218283,0.799789146431077,2.4090438647998744,3.073731138721849,-1.8734697215183755,-1.0289143251712514,0.4866971700984274,-2.945557898254755,0.6591656973934855,-0.055086433660090695,17.256380366126972
356,0.9347122772096114,0.368939697469519,0.273311879705046,-0.018271601021818473,0.29683211252370223,0.3587844804663627,0.517346468509176,-0.009401099219910185,-0.46326974311420993,0.033201510668565165,5.5375032428927735
357,1.0007735950661394,1.9001336486782276,-0.1601610689528496,0.5817931372951641,-0.9598973829784881,-0.6896725363418937,-2.0657574218547183,1.0061987519680406,-0.515649753477429,-0.6703375667182913,8.34334456780334
358,0.16382909595198059,0.11738981840805124,2.2834324357793268,1.5330396617306297,0.3275050975476103,0.8155729625338257,-0.9147937966059905,0.14418792059454844,-1.428428760507276,-0.2843346578738609,-6.226053202610622
359,1.6177958730423871,1.8480895542145557,0.8268133156297744,-0.3237762589826419,0.893579489111576,-0.3433343297164284,-0.08367366847500017,-0.8166304388674046,0.5132180329091856,0.8726430952072866,38.902835307864585
360,0.33971569505479965,-0.10533824539971459,-1.256281628294562,-0.12421565401461065,-0.2042990335496524,-1.1507370141494069,-0.19920427171262342,-1.5137939735718626,0.2930655985912371,-1.3678215189586198,-25.74073965883141
361,0.48607594068121307,0.9950231333445646,1.222485475992706,0.8936982877903734,-0.5615135052970518,0.7444842151725302,0.5294132338976439,0.40938776360924645,0.49019053382002825,-1.3851870129864183,19.404935521135457
362,-0.849425073067104,-0.7636445587623102,0.1415567754540444,1.8335946423136065,-1.467250163310868,-0.9049292009137127,0.10398704271756615,0.7992751300734934,1.1987191037956224,-0.47277116498943766,5.628712268720104
363,-0.33174875431310996,-0.9613657423759085,0.19990648102647504,-0.76702817358615,1.3695920044971188,-0.23794033827945946,0.142530955251576,-1.4573262211212112,0.16806801060206328,-0.001229900406042346,-5.286679091793582
364,-0.4231425452885076,-0.25421568044224563,-0.9750872662766039,-0.947118851162212,0.6031781444035622,0.4995363120328439,2.054153108257784,1.0317057671766672,-0.20391078219987224,1.5367815955222655,24.797137110286446
365,-0.20143149426708393,-0.24365913141951004,-0.3911899117079407,0.7566316055305101,-0.8807516418042775,0.5101248875015872,0.7107853584600692,0.6160912307775785,-0.9482518239050317,0.4012458983076426,7.216115733616949
366,1.961774081708637,1.5594000484961577,0.07324332832914136,-1.659344550947763,1.7294712949999624,-1.570111047071005,-1.386053622458956,0.1746409831021128,-1.2126644843338388,0.44650642415964936,16.326197857047042
367,0.014216532505616237,-0.006180489526386533,0.7530907359371914,0.7966128140774409,0.31493308566605044,-1.306067186026647,-0.82012563776557,0.5353819270339715,-1.1410296476069703,0.6107400601402854,-0.7264946073226484
368,-1.40336138726462,-1.7314836185936817,1.8210344586879066,3.1094554076370993,-1.9997925132982137,-0.6443378430220308,-0.0652560576282982,0.5409132065399194,0.8422517268959261,-1.512702251335151,-3.057591447267825
369,0.17109314602749628,-0.6883389019921031,-1.9133048109376767,-0.6320494896395851,-1.3261294069829745,0.4724991584749088,-0.42353130615989826,-0.27195813255650925,-0.9130849581333251,0.052148733542181594,-26.138655500421834
370,-0.3798063937979194,-0.6437993923532526,-4.432818817873793,-4.10987197331013,1.1428617295743475,0.933030352870517,-1.1640887533838238,-0.5773885627233865,-2.1511820143836227,0.03719777674756014,-67.30224044003099
371,1.643925491173775,1.4203336993467672,-0.27113867070865305,0.14518059814670728,-1.0951930342083303,-1.1182824211450317,0.45955164744732435,0.06548992015966497,-1.4059417981014273,-0.49307442055239886,6.285575764518837
372,1.9387756852995777,2.2827483244211377,1.2270729575406454,0.8534730898710495,0.5105359433860753,-0.8587750611735767,-0.10682643817858999,0.21819616789480628,-0.9620262505543105,0.26246605513178656,25.624806681185884
373,-0.6875538378775702,-1.1430226206698586,0.45718954469969525,0.047379712925875075,0.11835146921636958,0.8945369425371996,1.1820439619250536,-0.7569572727962518,0.565395097729829,-1.3908564028010526,-4.681636106607156
374,1.043849915908097,0.7848362823363935,0.9074841217473992,0.005848186670766697,0.506710051926696,2.049228959280055,1.0767769867137411,-0.617151776209012,0.871252795676317,0.04729956698435228,26.215673057174865
375,-0.08160366978047583,0.4066766638458518,1.3329658529120347,2.0164075110490547,-1.6733468772280775,-0.7082629086048136,1.3727218246086426,0.27477000291326925,-0.06986763326198323,2.34573230598914,30.295174286027663
376,-1.0465188140915247,-0.28772843095598455,0.9866618436746539,2.0023849695196874,-1.9373060539348528,-1.8847665448855515,-0.331961881325081,0.029911643829465685,-0.9762189702411084,-0.8692460403042752,-15.04979740903891
377,-0.6502404407958862,-0.36591739817396585,0.16535410024556596,-0.5607628660050294,-0.18197629195469187,0.9864751031448792,3.305967992373201,1.537551533577292,0.846781959027662,0.4597612040157165,47.47410794241147
378,-1.441305860498098,-1.5286791166574591,0.6907246649554004,0.10270900152589167,0.22308262312816968,-0.39021849244412143,-0.28769475854748533,-0.3206648090086517,1.3196107063763325,0.4049019229022745,6.177627284791979
379,0.5454763255796035,0.2555166452727514,0.7363160519804662,0.6685896057080508,-0.017078314599589493,-2.2082620602166254,1.2858784644746524,-1.1656320521473909,0.15035212779178,0.31356417189851743,22.836057098044478
380,1.5051775142038142,1.529534151052481,0.8566246672758957,1.9112966874376764,-1.3228036256784845,0.20822802085690187,-0.8759494514991443,0.6186267548987685,1.1387041724490643,0.007531997015250811,27.575772213675044
381,-1.8870877200711558,-1.6425715772753708,-0.27103464024229607,0.21138274616569125,-0.31540453480012776,-0.41466288939663176,-1.0311743101272035,0.37246296741154683,-1.5260540289032134,-0.7160069549023428,-39.05052455923539
382,0.11754245444373376,-0.4443628262117159,-0.880320526243377,-2.3739127772332096,2.7507936235353285,-2.3532954968155,0.11766086933714658,-1.4249222161971922,1.168498885165645,0.19672908075374096,2.7947783059009734
383,0.07589523258268124,-0.12930120348812052,-0.2364253602646933,-0.7658888772282164,-0.30808335125198244,0.4908236940886285,-0.9020859263622671,0.2628791684675554,0.21952291016973738,1.1709199219402964,8.025096456580503
384,-1.1253771852682803,-2.473629909367394,2.288275635785931,1.6005911774843713,-0.5847719115723555,-1.241283323258739,-0.22501966537261958,-1.2074550719318942,0.322478439984417,-0.6889596790303031,-7.570216636929551
385,-0.10013901854438086,-0.029652921802033865,1.7276168133245986,2.5965677597682992,-1.4534515820793978,0.786176931791745,-0.7979003316562612,-0.5386682676367992,-0.12029727275534474,-0.11172951272562409,2.9096941965320404
386,-1.2229362491774818,-1.19207299727771,0.06326205842080944,0.9180909451623164,-1.2644366787705352,-0.9666281297465441,0.278715798064808,0.7135057211342011,1.760936433757737,1.4457322145075155,13.53944539235637
387,0.3749728500030413,-0.4264308898060126,-0.4462578517031333,-0.38028285579491744,-0.8537155641204833,0.2148370402135416,-0.7913254556195524,1.3560304705802955,-0.6161965900616111,-0.42284285883150846,-13.042377930446463
388,-0.6486748014787788,-0.24992353138325318,-0.9359637319847285,-1.4133195889268284,1.345135452522257,-0.0020309324835779707,1.1510389800778078,-0.2809349881030597,-0.6646609592653144,-0.3630196562698053,-4.675562613560821
389,-0.37509069787384924,-0.9204395412447441,-1.846155838000631,-1.6762842416274997,1.1633347817428812,-1.1110870296996047,-0.34311315490684036,0.5268648107459495,0.8616365663495956,-2.020754623473225,-14.567542847539393
390,-0.2644384524748073,-0.6982017355851166,-2.118049967326106,-0.9080656516785448,0.12310741931406023,0.42987299067846657,-1.4008573203401091,-0.8358479023081915,0.9507788792243245,-0.7753957622840029,-28.198308598604786
391,-0.0009964884706045105,0.3750683749971264,-1.1174468420733923,-2.0802758405708683,1.21688881206966,-1.0347499524188204,-0.8632435140533572,-1.4562756390326415,-0.02105801281292856,1.0887648237275067,0.31910666338920457
392,0.1975494526727504,0.11222496447917049,2.0035735088038034,1.3055951313126704,-0.5565565189940859,0.1015519052396941,-1.0389278277890148,0.0346799001921615,0.6561382475505878,1.2787355150351805,22.130200984033713
393,-1.0414430165627127,-0.039288995831562354,-2.089329527704939,-0.9424889207667053,-0.21410480795685047,1.0750830580218542,0.619353611665819,1.0105067693601377,0.7271883268659983,1.7420694907153982,21.04308046327172
394,0.24557938599345974,-0.08418863586013277,2.8986182889897267,3.7574632214216033,-2.585751459138238,0.1757394837855077,0.6345073932203298,0.20631849070146788,1.0380646944491339,-0.9275213194047637,15.937638473515772
395,-0.3026359384379872,-0.4759555051622787,0.2173064096115947,-1.7387367279482522,2.3720658688629577,0.4688116293442651,1.0601438879412939,-2.0225863590853876,1.5707989205024309,1.7983421348856143,27.033869003124764
396,1.2778542709430734,1.570181081511528,-0.5097485995701302,0.3976412229516178,-1.151503124479277,-0.5180492346929277,-0.1362830959715707,-1.3411504999827384,-0.42722200234610025,0.8725459187280925,2.2962366417195916
397,0.5308418438677331,0.10935292406138532,0.5674785325679508,0.1832348610903035,-0.28330838947189474,0.6198766965486847,0.10805225465950775,0.6254087527405147,-2.887565539670971,1.4733814831953747,-12.266580665484321
398,-0.3334030517103311,-0.432496021108804,0.029398692057268645,-0.8533139867451357,1.1381672925758641,0.08522744066788707,0.2618004057650938,-1.192229207784738,-0.5559504035070233,0.5531242187356521,-0.7659542674614133
399,-1.553243416984434,-1.6073573726862265,-1.7174320011316337,-1.6155733317554333,0.867039489818901,0.18475470504477895,1.4176536652826301,0.756789284667378,0.9863181781780432,0.4475235675396515,1.2788744467673254
